gene_name	strand_name	feature_start	feature_end	genomic_pos	transcript_pos	rna_modification	encoded_aa	anitocodon_start	anticodon_end	anticodon_rna	anticodon_dna	mitomap_disease_association	confirmed_enzyme	predicted_enzyme
MT-TF	H-Strand	577	647	585	9	m1A	Phe	611	613	GAA	GAA	NA	TRMT10C	NA
MT-TF	H-Strand	577	647	586	10	m2G	Phe	611	613	GAA	GAA	Extrapyramidal disorder with akinesia-rigidity, psychosis and SNHL	NA	TRMT11;TRMT112
MT-TF	H-Strand	577	647	605	28	Ψ	Phe	611	613	GAA	GAA	NA	PUS1	NA
MT-TF	H-Strand	577	647	614	37	ms2i6A	Phe	611	613	GAA	GAA	NA	CDK5RAP1	NA
MT-TF	H-Strand	577	647	616	39	Ψ	Phe	611	613	GAA	GAA	Maternally inherited epilepsy	RPUSD4	NA
MT-TF	H-Strand	577	647	624	48	m5C	Phe	611	613	GAA	GAA	NA	NSUN2	NA
MT-TV	H-Strand	1602	1670	1610	9	m1A	Val	1633	1635	UAC	TAC	NA	TRMT10C	NA
MT-TV	H-Strand	1602	1670	1611	10	m2G	Val	1633	1635	UAC	TAC	NA	NA	TRMT11;TRMT112
MT-TV	H-Strand	1602	1670	1638	39	Ψ	Val	1633	1635	UAC	TAC	NA	RPUSD4	NA
MT-RNR2	H-Strand	1671	3229	2617	947	m1A	NA	NA	NA	NA	NA	NA	NA	NA
MT-TL1	H-Strand	3230	3304	3238	9	m1G	Leu(UUR)	3265	3267	UAA	TAA	NA	TRMT10C	NA
MT-TL1	H-Strand	3230	3304	3239	10	m2G	Leu(UUR)	3265	3267	UAA	TAA	NA	NA	TRMT11;TRMT112
MT-TL1	H-Strand	3230	3304	3250	20	D	Leu(UUR)	3265	3267	UAA	TAA	MM / CPEO	NA	DUS2
MT-TL1	H-Strand	3230	3304	3258	27	Ψ	Leu(UUR)	3265	3267	UAA	TAA	MELAS / Myopathy	PUS1	NA
MT-TL1	H-Strand	3230	3304	3265	34	τm5U	Leu(UUR)	3265	3267	UAA	TAA	NA	GTPBP3, MTO1	NA
MT-TL1	H-Strand	3230	3304	3279	48	m5C	Leu(UUR)	3265	3267	UAA	TAA	NA	NSUN2	NA
MT-TL1	H-Strand	3230	3304	3285	54	m5U	Leu(UUR)	3265	3267	UAA	TAA	NA	TRMT2B	NA
MT-TL1	H-Strand	3230	3304	3286	55	Ψ	Leu(UUR)	3265	3267	UAA	TAA	NA	NA	TRUB2
MT-TL1	H-Strand	3230	3304	3289	58	m1A	Leu(UUR)	3265	3267	UAA	TAA	NA	TRMT61B	NA
MT-TI	H-Strand	4263	4331	4271	9	m1G	Ile	4292	4294	GAU	GAT	NA	TRMT10C	NA
MT-TI	H-Strand	4263	4331	4284	26	m2,2G	Ile	4292	4294	GAU	GAT	Varied familial presentation / spastic paraparesis	TRMT1	NA
MT-TI	H-Strand	4263	4331	4285	27	Ψ	Ile	4292	4294	GAU	GAT	NA	PUS1	NA
MT-TI	H-Strand	4263	4331	4286	28	Ψ	Ile	4292	4294	GAU	GAT	NA	PUS1	NA
MT-TI	H-Strand	4263	4331	4295	37	t6A	Ile	4292	4294	GAU	GAT	NA	YRDC, OSGEPL1	NA
MT-TQ	L-Strand	4402	4469	4347	55	Ψ	Gln	4365	4367	UUG	TTG	NA	NA	TRUB2
MT-TQ	L-Strand	4402	4469	4348	54	m5U	Gln	4365	4367	UUG	TTG	NA	TRMT2B	NA
MT-TQ	L-Strand	4402	4469	4361	40	Ψ	Gln	4365	4367	UUG	TTG	NA	NA	PUS3
MT-TQ	L-Strand	4402	4469	4362	39	Ψ	Gln	4365	4367	UUG	TTG	NA	RPUSD4	NA
MT-TQ	L-Strand	4402	4469	4364	37	m1G	Gln	4365	4367	UUG	TTG	NA	TRMT5	NA
MT-TQ	L-Strand	4402	4469	4367	34	τm5s2U	Gln	4365	4367	UUG	TTG	NA	MTU1,NFS1	NA
MT-TQ	L-Strand	4402	4469	4368	33	Ψ	Gln	4365	4367	UUG	TTG	NA	NA	RPUSD1;RPUSD2;RPUSD3;RPUSD4
MT-TQ	L-Strand	4402	4469	4381	20	D	Gln	4365	4367	UUG	TTG	LHON	NA	DUS2
MT-TQ	L-Strand	4402	4469	4392	9	m1G	Gln	4365	4367	UUG	TTG	Poss. hypertension factor	TRMT10C	NA
MT-TM	H-Strand	4402	4469	4425	27	Ψ	Met	4432	4434	CAU	CAT	NA	PUS1	NA
MT-TM	H-Strand	4402	4469	4432	34	f5C	Met	4432	4434	CAU	CAT	NA	NSUN3, ALKBH1	NA
MT-TM	H-Strand	4402	4469	4447	50	Ψ	Met	4432	4434	CAU	CAT	NA	RPUSD4	NA
MT-TM	H-Strand	4402	4469	4452	55	Ψ	Met	4432	4434	CAU	CAT	NA	NA	TRUB2
MT-TW	H-Strand	5512	5579	5520	9	m1A	Trp	5544	5546	UCA	TCA	NA	TRMT10C	NA
MT-TW	H-Strand	5512	5579	5521	10	m2G	Trp	5544	5546	UCA	TCA	NA	NA	TRMT11;TRMT112
MT-TW	H-Strand	5512	5579	5544	34	τm5U	Trp	5544	5546	UCA	TCA	NA	GTPBP3, MTO1	NA
MT-TW	H-Strand	5512	5579	5547	37	ms2i6A	Trp	5544	5546	UCA	TCA	NA	CDK5RAP1	NA
MT-TA	L-Strand	5587	5655	5592	68	Ψ	Ala	5587	5655	UGC	TGC	Coronary Heart Disease	NA	PUS1
MT-TA	L-Strand	5587	5655	5620	39	Ψ	Ala	5587	5655	UGC	TGC	NA	RPUSD4	NA
MT-TA	L-Strand	5587	5655	5621	38	Ψ	Ala	5587	5655	UGC	TGC	NA	NA	PUS3
MT-TA	L-Strand	5587	5655	5622	37	m1G	Ala	5587	5655	UGC	TGC	NA	TRMT5	NA
MT-TA	L-Strand	5587	5655	5633	26	m2G	Ala	5587	5655	UGC	TGC	NA	TRMT1	NA
MT-TA	L-Strand	5587	5655	5646	10	m2G	Ala	5587	5655	UGC	TGC	NA	NA	TRMT11;TRMT112
MT-TA	L-Strand	5587	5655	5647	9	m1A	Ala	5587	5655	UGC	TGC	NA	TRMT10C	NA
MT-TN	L-Strand	5761	5826	5675	55	Ψ	Asn	5657	5729	GUG	GTG	NA	NA	TRUB2
MT-TN	L-Strand	5761	5826	5676	54	m5U	Asn	5657	5729	GUG	GTG	NA	TRMT2B	NA
MT-TN	L-Strand	5761	5826	5690	40	Ψ	Asn	5657	5729	GUG	GTG	CPEO+ptosis+proximal myopathy	NA	PUS3
MT-TN	L-Strand	5761	5826	5693	37	t6A	Asn	5657	5729	GUG	GTG	Encephalomyopathy	YRDC, OSGEPL1	NA
MT-TN	L-Strand	5761	5826	5696	34	Q	Asn	5657	5729	GUG	GTG	NA	QTRT1, QTRT2	NA
MT-TN	L-Strand	5761	5826	5702	28	Ψ	Asn	5657	5729	GUG	GTG	NA	PUS1	NA
MT-TN	L-Strand	5761	5826	5711	20	D	Asn	5657	5729	GUG	GTG	NA	NA	DUS2
MT-TN	L-Strand	5761	5826	5720	10	m2G	Asn	5657	5729	GUG	GTG	NA	NA	TRMT11;TRMT112
MT-TN	L-Strand	5761	5826	5721	9	m1A	Asn	5657	5729	GUG	GTG	NA	TRMT10C	NA
MT-TC	L-Strand	5761	5761	5775	58	m1A	Cys	5761	5826	GCA	GCA	NA	TRMT61B	NA
MT-TC	L-Strand	5761	5761	5793	39	Ψ	Cys	5761	5826	GCA	GCA	NA	RPUSD4	NA
MT-TC	L-Strand	5761	5761	5795	37	i6A	Cys	5761	5826	GCA	GCA	NA	TRIT1	NA
MT-TC	L-Strand	5761	5761	5800	32	Ψ	Cys	5761	5826	GCA	GCA	NA	NA	RPUSD1;RPUSD2;RPUSD3;RPUSD4
MT-TC	L-Strand	5761	5761	5804	28	Ψ	Cys	5761	5826	GCA	GCA	NA	PUS1	NA
MT-TC	L-Strand	5761	5761	5805	27	Ψ	Cys	5761	5826	GCA	GCA	NA	PUS1	NA
MT-TC	L-Strand	5761	5761	5818	9	m1G	Cys	5761	5826	GCA	GCA	NA	TRMT10C	NA
MT-TY	L-Strand	5826	5891	5849	48	m5C	Tyr	5860	5862	GUA	GTA	NA	NSUN2	NA
MT-TY	L-Strand	5826	5891	5857	39	Ψ	Tyr	5860	5862	GUA	GTA	NA	RPUSD4	NA
MT-TY	L-Strand	5826	5891	5859	37	ms2i6A	Tyr	5860	5862	GUA	GTA	NA	CDK5RAP1	NA
MT-TY	L-Strand	5826	5891	5862	34	Q	Tyr	5860	5862	GUA	GTA	NA	QTRT1, QTRT2	NA
MT-TY	L-Strand	5826	5891	5868	28	Ψ	Tyr	5860	5862	GUA	GTA	NA	PUS1	NA
MT-TY	L-Strand	5826	5891	5869	27	Ψ	Tyr	5860	5862	GUA	GTA	NA	PUS1	NA
MT-TY	L-Strand	5826	5891	5882	10	m2G	Tyr	5860	5862	GUA	GTA	NA	NA	TRMT11;TRMT112
MT-TY	L-Strand	5826	5891	5883	9	m1G	Tyr	5860	5862	GUA	GTA	NA	TRMT10C	NA
MT-TS1	L-Strand	7446	7514	7461	58	m1A	Ser(UCN)	7482	7484	UGA	TGA	NA	TRMT61B	NA
MT-TS1	L-Strand	7446	7514	7464	55	Ψ	Ser(UCN)	7482	7484	UGA	TGA	NA	NA	TRUB2
MT-TS1	L-Strand	7446	7514	7465	54	m5U	Ser(UCN)	7482	7484	UGA	TGA	NA	TRMT2B	NA
MT-TS1	L-Strand	7446	7514	7486	32	m3C	Ser(UCN)	7482	7484	UGA	TGA	CPEO	NA	METTTL2A;METTTL2B;METTTL6;METTTL8
MT-TS1	L-Strand	7446	7514	7486	37	ms2i6A	Ser(UCN)	7482	7484	UGA	TGA	NA	CDK5RAP1	NA
MT-TS1	L-Strand	7446	7514	7490	28	Ψ	Ser(UCN)	7482	7484	UGA	TGA	NA	PUS1	NA
MT-TD	H-Strand	7518	7585	7526	9	m1A	Asp	7548	7550	GUC	GTC	Mitochondrial Myopathy	TRMT10C	NA
MT-TD	H-Strand	7518	7585	7527	10	m2G	Asp	7548	7550	GUC	GTC	NA	NA	TRMT11;TRMT112
MT-TD	H-Strand	7518	7585	7541	27	Ψ	Asp	7548	7550	GUC	GTC	NA	PUS1	NA
MT-TD	H-Strand	7518	7585	7548	34	Q	Asp	7548	7550	GUC	GTC	NA	QTRT1, QTRT2	NA
MT-TK	H-Strand	8295	8364	8303	9	m1A	Lys	8323	8325	UUU	TTT	NA	TRMT10C	NA
MT-TK	H-Strand	8295	8364	8304	10	m2G	Lys	8323	8325	UUU	TTT	Epilepsy+ataxia+visual disturbance+deafness	NA	TRMT11;TRMT112
MT-TK	H-Strand	8295	8364	8316	27	Ψ	Lys	8323	8325	UUU	TTT	MELAS	PUS1	NA
MT-TK	H-Strand	8295	8364	8317	28	Ψ	Lys	8323	8325	UUU	TTT	NA	PUS1	NA
MT-TK	H-Strand	8295	8364	8323	34	τm5s2U	Lys	8323	8325	UUU	TTT	NA	MTU1,NFS1	NA
MT-TK	H-Strand	8295	8364	8326	37	t6A	Lys	8323	8325	UUU	TTT	Mitochondrial Cytopathy	YRDC, OSGEPL1	NA
MT-TK	H-Strand	8295	8364	8348	58	m1A	Lys	8323	8325	UUU	TTT	Cardiomyopathy / SNHL / poss. hypertension factor	TRMT61B	NA
MT-TG	H-Strand	9991	10058	9999	9	m1A	Gly	10021	10023	UCC	TCC	NA	TRMT10C	NA
MT-TG	H-Strand	9991	10058	10000	10	m2G	Gly	10021	10023	UCC	TCC	NA	NA	TRMT11;TRMT112
MT-TG	H-Strand	9991	10058	10015	28	Ψ	Gly	10021	10023	UCC	TCC	NA	PUS1	NA
MT-TG	H-Strand	9991	10058	10026	39	Ψ	Gly	10021	10023	UCC	TCC	NA	RPUSD4	NA
MT-TG	H-Strand	9991	10058	10027	40	Ψ	Gly	10021	10023	UCC	TCC	NA	NA	PUS3
MT-TR	H-Strand	10405	10469	10413	9	m1A	Arg	10435	10437	UCG	TCG	NA	TRMT10C	NA
MT-TR	H-Strand	10405	10469	10414	10	m2G	Arg	10435	10437	UCG	TCG	NA	NA	TRMT11;TRMT112
MT-TR	H-Strand	10405	10469	10420	16	m1A	Arg	10435	10437	UCG	TCG	NA	NA	TRMT61B
MT-TR	H-Strand	10405	10469	10427	26	m2G	Arg	10435	10437	UCG	TCG	NA	TRMT1	NA
MT-TR	H-Strand	10405	10469	10433	32	Ψ	Arg	10435	10437	UCG	TCG	NA	NA	RPUSD1;RPUSD2;RPUSD3;RPUSD4
MT-TR	H-Strand	10405	10469	10440	39	Ψ	Arg	10435	10437	UCG	TCG	NA	RPUSD4	NA
MT-TH	H-Strand	12138	12206	12146	9	m1A	His	12168	12170	GUG	GTG	MELAS	TRMT10C	NA
MT-TH	H-Strand	12138	12206	12147	10	m2G	His	12168	12170	GUG	GTG	NA	NA	TRMT11;TRMT112
MT-TH	H-Strand	12138	12206	12161	27	Ψ	His	12168	12170	GUG	GTG	NA	PUS1	NA
MT-TH	H-Strand	12138	12206	12168	34	Q	His	12168	12170	GUG	GTG	NA	QTRT1, QTRT2	NA
MT-TH	H-Strand	12138	12206	12169	35	Ψ	His	12168	12170	GUG	GTG	NA	NA	PUS7
MT-TH	H-Strand	12138	12206	12173	39	Ψ	His	12168	12170	GUG	GTG	NA	RPUSD4	NA
MT-TH	H-Strand	12138	12206	12181	48	m5C	His	12168	12170	GUG	GTG	NA	NSUN2	NA
MT-TS2	H-Strand	12207	12265	12229	37	t6A	Ser(AGY)	12226	12228	GCU	GCT	NA	YRDC, OSGEPL1	NA
MT-TS2	H-Strand	12207	12265	12239	48	m5C	Ser(AGY)	12226	12228	GCU	GCT	NA	NSUN2	NA
MT-TS2	H-Strand	12207	12265	12240	49	m5C	Ser(AGY)	12226	12228	GCU	GCT	NA	NSUN2	NA
MT-TS2	H-Strand	12207	12265	12241	50	m5C	Ser(AGY)	12226	12228	GCU	GCT	NA	NSUN2	NA
MT-TL2	H-Strand	12266	12336	12274	9	m1A	Leu(CUN)	12298	12300	UAG	TAG	NA	TRMT10C	NA
MT-TL2	H-Strand	12266	12336	12275	10	m2G	Leu(CUN)	12298	12300	UAG	TAG	NA	NA	TRMT11;TRMT112
MT-TL2	H-Strand	12266	12336	12291	27	Ψ	Leu(CUN)	12298	12300	UAG	TAG	NA	PUS1	NA
MT-TL2	H-Strand	12266	12336	12292	28	Ψ	Leu(CUN)	12298	12300	UAG	TAG	NA	PUS1	NA
MT-TL2	H-Strand	12266	12336	12295	31	Ψ	Leu(CUN)	12298	12300	UAG	TAG	NA	NA	RPUSD1;RPUSD2;RPUSD3;RPUSD4
MT-TL2	H-Strand	12266	12336	12301	37	m1G	Leu(CUN)	12298	12300	UAG	TAG	NA	TRMT5	NA
MT-ND5	H-Strand	12337	14148	13710	834	m1A	NA	NA	NA	NA	NA	NA	NA	NA
MT-TE	L-Strand	14674	14742	14692	55	Ψ	Glu	14710	14712	UUC	TTC	LHON helper / Maternally inherited diabetes & deafness	NA	TRUB2
MT-TE	L-Strand	14674	14742	14698	49	m5C	Glu	14710	14712	UUC	TTC	NA	NSUN2	NA
MT-TE	L-Strand	14674	14742	14706	40	Ψ	Glu	14710	14712	UUC	TTC	NA	NA	PUS3
MT-TE	L-Strand	14674	14742	14712	34	τm5s2U	Glu	14710	14712	UUC	TTC	NA	MTU1,NFS1	NA
MT-TE	L-Strand	14674	14742	14718	28	Ψ	Glu	14710	14712	UUC	TTC	NA	PUS1	NA
MT-TE	L-Strand	14674	14742	14720	26	m2G	Glu	14710	14712	UUC	TTC	NA	TRMT1	NA
MT-TE	L-Strand	14674	14742	14733	10	m2G	Glu	14710	14712	UUC	TTC	NA	NA	TRMT11;TRMT112
MT-TE	L-Strand	14674	14742	14734	9	m1A	Glu	14710	14712	UUC	TTC	NA	TRMT10C	NA
MT-TT	H-Strand	15888	15953	15896	9	m1A	Thr	15919	15921	UGU	TGT	NA	TRMT10C	NA
MT-TT	H-Strand	15888	15953	15897	10	m2G	Thr	15919	15921	UGU	TGT	NA	NA	TRMT11;TRMT112
MT-TT	H-Strand	15888	15953	15917	32	m3C	Thr	15919	15921	UGU	TGT	NA	NA	METTTL2A;METTTL2B;METTTL6;METTTL8
MT-TT	H-Strand	15888	15953	15922	37	t6A	Thr	15919	15921	UGU	TGT	NA	YRDC, OSGEPL1	NA
MT-TP	L-Strand	15956	16023	15962	67	Ψ	Pro	15990	15992	UGG	TGG	NA	NA	PUS1
MT-TP	L-Strand	15956	16023	15963	66	Ψ	Pro	15990	15992	UGG	TGG	NA	NA	PUS1
MT-TP	L-Strand	15956	16023	15973	55	Ψ	Pro	15990	15992	UGG	TGG	NA	NA	TRUB2
MT-TP	L-Strand	15956	16023	15974	54	m5U	Pro	15990	15992	UGG	TGG	NA	TRMT2B	NA
MT-TP	L-Strand	15956	16023	15988	38	Ψ	Pro	15990	15992	UGG	TGG	NA	NA	PUS3
MT-TP	L-Strand	15956	16023	15989	37	m1G	Pro	15990	15992	UGG	TGG	NA	TRMT5	NA
MT-TP	L-Strand	15956	16023	15994	32	Ψ	Pro	15990	15992	UGG	TGG	NA	NA	RPUSD1;RPUSD2;RPUSD3;RPUSD4
MT-TP	L-Strand	15956	16023	15999	27	Ψ	Pro	15990	15992	UGG	TGG	NA	PUS1	NA
MT-TP	L-Strand	15956	16023	16015	9	m1A	Pro	15990	15992	UGG	TGG	Mitochondrial myopathy	TRMT10C	NA
